,Category,Resume,Skills,Skills string
0,Data Science,Skills Programming Languages Python pandas numpy scipy scikitlearn matplotlib Sql Java JavaScriptJQuery Machine learning Regression SVM Nave Bayes KNN Random Forest Decision Trees Boosting techniques Cluster Analysis Word Embedding Sentiment Analysis Natural Language processing Dimensionality reduction Topic Modelling LDA NMF PCA Neural Nets Database Visualizations Mysql SqlServer Cassandra Hbase ElasticSearch D3js DCjs Plotly kibana matplotlib ggplot Tableau Others Regular Expression HTML CSS Angular 6 Logstash Kafka Python Flask Git Docker computer vision Open CV and understanding of Deep learningEducation Details Data Science Assurance Associate Data Science Assurance Associate Ernst Young LLP Skill Details JAVASCRIPT Exprience 24 months jQuery Exprience 24 months Python Exprience 24 monthsCompany Details company Ernst Young LLP description Fraud Investigations and Dispute Services Assurance TECHNOLOGY ASSISTED REVIEW TAR Technology Assisted Review assists in accelerating the review process and run analytics and generate reports Core member of a team helped in developing automated review platform tool from scratch for assisting E discovery domain this tool implements predictive coding and topic modelling by automating reviews resulting in reduced labor costs and time spent during the lawyers review Understand the end to end flow of the solution doing research and development for classification models predictive analysis and mining of the information present in text data Worked on analyzing the outputs and precision monitoring for the entire tool TAR assists in predictive coding topic modelling from the evidence by following EY standards Developed the classifier models in order to identify red flags and fraudrelated issues Tools Technologies Python scikitlearn tfidf word2vec doc2vec cosine similarity Nave Bayes LDA NMF for topic modelling Vader and text blob for sentiment analysis Matplot lib Tableau dashboard for reporting MULTIPLE DATA SCIENCE AND ANALYTIC PROJECTS USA CLIENTS TEXT ANALYTICS MOTOR VEHICLE CUSTOMER REVIEW DATA Received customer feedback survey data for past one year Performed sentiment Positive Negative Neutral and time series analysis on customer comments across all 4 categories Created heat map of terms by survey category based on frequency of words Extracted Positive and Negative words across all the Survey categories and plotted Word cloud Created customized tableau dashboards for effective reporting and visualizations CHATBOT Developed a user friendly chatbot for one of our Products which handle simple questions about hours of operation reservation options and so on This chat bot serves entire product related questions Giving overview of tool via QA platform and also give recommendation responses so that user question to build chain of relevant answer This too has intelligence to build the pipeline of questions as per user requirement and asks the relevant recommended questions Tools Technologies Python Natural language processing NLTK spacy topic modelling Sentiment analysis Word Embedding scikitlearn JavaScriptJQuery SqlServer INFORMATION GOVERNANCE Organizations to make informed decisions about all of the information they store The integrated Information Governance portfolio synthesizes intelligence across unstructured data sources and facilitates action to ensure organizations are best positioned to counter information risk Scan data from multiple sources of formats and parse different file formats extract Meta data information push results for indexing elastic search and created customized interactive dashboards using kibana Preforming ROT Analysis on the data which give information of data which helps identify content that is either Redundant Outdated or Trivial Preforming fulltext search analysis on elastic search with predefined methods which can tag as PII personally identifiable information social security numbers addresses names etc which frequently targeted during cyberattacks Tools Technologies Python Flask Elastic Search Kibana FRAUD ANALYTIC PLATFORM Fraud Analytics and investigative platform to review all red flag cases FAP is a Fraud Analytics and investigative platform with inbuilt case manager and suite of Analytics for various ERP systems It can be used by clients to interrogate their Accounting systems for identifying the anomalies which can be indicators of fraud by running advanced analytics Tools Technologies HTML JavaScript SqlServer JQuery CSS Bootstrap Nodejs D3js DCjs,"""python,pandas,numpy,scipy,scikitlearn,matplotlib,sql,java,javascriptjquery,machine learning,regression,svm,nave  bayes,knn,random forest,decision trees,boosting techniques,cluster analysis,word embedding,sentiment analysis,natural language processing,dimensionality reduction,topic modeling,lda,nmf,pca,neural nets,database"" visualizations,mysql,sqlserver,cassandra,hbase,elasticsearch,d3js,dcjs,plotly,kibana,matplotlib,ggplot,tableau,regular expression,html,css,angular,logstash,kafka,flask,git,docker,computer vision,open cv,deep learning""","""python,pandas,numpy,scipy,scikitlearn,matplotlib,sql,java,javascriptjquery,machine learning,regression,svm,nave  bayes,knn,random forest,decision trees,boosting techniques,cluster analysis,word embedding,sentiment analysis,natural language processing,dimensionality reduction,topic modeling,lda,nmf,pca,neural nets,database,visualizations,mysql,sqlserver,cassandra,hbase,elasticsearch,d3js,dcjs,plotly,kibana,matplotlib,ggplot,tableau,regular expression,html,css,angular,logstash,kafka,flask,git,docker,computer vision,open cv,deep learning"""
1,Data Science,Education Details May 2013 to May 2017 BE UITRGPV Data Scientist Data Scientist Matelabs Skill Details Python Exprience Less than 1 year months Statsmodels Exprience 12 months AWS Exprience Less than 1 year months Machine learning Exprience Less than 1 year months Sklearn Exprience Less than 1 year months Scipy Exprience Less than 1 year months Keras Exprience Less than 1 year monthsCompany Details company Matelabs description ML Platform for business professionals dummies and enthusiasts 60A Koramangala 5th block AchievementsTasks behind sukh sagar Bengaluru India Developed and deployed auto preprocessing steps of machine learning mainly missing value treatment outlier detection encoding scaling feature selection and dimensionality reduction Deployed automated classification and regression model linkedincominadityarathore b4600b146 Reasearch and deployed the time series forecasting model ARIMA SARIMAX Holtwinter and Prophet Worked on metafeature extracting problem githubcomrathorology Implemented a state of the art research paper on outlier detection for mixed attributes company Matelabs description,"""python,statsmodel,machine learning,sklearn,scipy,outlier detection,encoding,scaling,feature selection,dimensionality reduction,automated classificaion,regression model,time series,forecasting""","""python,statsmodel,machine learning,sklearn,scipy,outlier detection,encoding,scaling,feature selection,dimensionality reduction,automated classificaion,regression model,time series,forecasting"""
2,Data Science,Areas of Interest Deep Learning Control System Design Programming inPython Electric Machinery Web Development Analytics Technical Activities q Hindustan Aeronautics Limited Bangalore For 4 weeks under the guidance of Mr Satish Senior Engineer in the hangar of Mirage 2000 fighter aircraft Technical Skills Programming Matlab Python and Java LabView Python WebFrameWorkDjango Flask LTSPICEintermediate Languages and and MIPOWERintermediate Github GitBash Jupyter Notebook Xampp MySQLBasics Python Software Packages InterpretersAnaconda Python2 Python3 Pycharm Java IDEEclipse Operating Systems Windows Ubuntu DebianKali Linux Education Details January 2019 BTech Electrical and Electronics Engineering Manipal Institute of Technology January 2015 DEEKSHA CENTER January 2013 Little Flower Public School August 2000 Manipal Academy of Higher DATA SCIENCE DATA SCIENCE AND ELECTRICAL ENTHUSIAST Skill Details Data Analysis Exprience Less than 1 year months excel Exprience Less than 1 year months Machine Learning Exprience Less than 1 year months mathematics Exprience Less than 1 year months Python Exprience Less than 1 year months Matlab Exprience Less than 1 year months Electrical Engineering Exprience Less than 1 year months Sql Exprience Less than 1 year monthsCompany Details company THEMATHCOMPANY description I am currently working with a Casino based operatorname not to be disclosed in MacauI need to segment the customers who visit their property based on the value the patrons bring into the companyBasically prove that the segmentation can be done in much better way than the current system which they have with proper numbers to back it upHenceforth they can implement target marketing strategy to attract their customers who add value to the business,"""deep learning,python,analytics,matlab,java,labview,django,flask,ltspice,sql,gitbash,github,mysql""","""deep learning,python,analytics,matlab,java,labview,django,flask,ltspice,sql,gitbash,github,mysql"""
3,Data Science,Skills R Python SAP HANA Tableau SAP HANA SQL SAP HANA PAL MS SQL SAP Lumira C Linear Programming Data Modelling Advance Analytics SCM Analytics Retail Analytics Social Media Analytics NLP Education Details January 2017 to January 2018 PGDM Business Analytics Great Lakes Institute of Management Illinois Institute of Technology January 2013 Bachelor of Engineering Electronics and Communication Bengaluru Karnataka New Horizon College of Engineering Bangalore Visvesvaraya Technological University Data Science Consultant Consultant Deloitte USI Skill Details LINEAR PROGRAMMING Exprience 6 months RETAIL Exprience 6 months RETAIL MARKETING Exprience 6 months SCM Exprience 6 months SQL Exprience Less than 1 year months Deep Learning Exprience Less than 1 year months Machine learning Exprience Less than 1 year months Python Exprience Less than 1 year months R Exprience Less than 1 year monthsCompany Details company Deloitte USI description The project involved analysing historic deals and coming with insights to optimize future deals Role Was given raw data carried out end to end analysis and presented insights to client Key Responsibilities Extract data from client systems across geographies Understand and build reports in tableau Infer meaningful insights to optimize prices and find out process blockades Technical Environment R Tableau Industry Cross Industry Service Area Cross Industry Products Project Name Handwriting recognition Consultant 3 months The project involved taking handwritten images and converting them to digital text images by object detection and sentence creation Role I was developing sentence correction functionality Key Responsibilities Gather data large enough to capture all English words Train LSTM models on words Technical Environment Python Industry Finance Service Area Financial Services BI development Project Name SWIFT Consultant 8 months The project was to develop an analytics infrastructure on top of SAP S4 it would user to view financial reports to respective departments Reporting also included forecasting expenses Role I was leading the offshore team Key Responsibilities Design Develop data models for reporting Develop ETL for data flow Validate various reports Technical Environment SAP HANA Tableau SAP AO Industry Healthcare Analytics Service Area Life Sciences Product development Project Name Clinical Healthcare System Consultant 2 months The project was to develop an analytics infrastructure on top of Argus it would allow users to query faster and provide advance analytics capabilities Role I was involved from design to deploy phase performed a lot of data restructuring and built models for insights Key Responsibilities Design Develop data models for reporting Develop and deploy analytical models Validate various reports Technical Environment Data Modelling SAP HANA Tableau NLP Industry FMCG Service Area Trade Promotion Project Name Consumption Based Planning for Flowers Foods Consultant 8 months The project involved setting up of CRM and CBP modules Role I was involved in key data decomposition activities and setting up the base for future year forecast Over the course of the project I developed various models and carried out key performance improvements Key Responsibilities Design Develop HANA models for decomposition Develop data flow for forecast Developed various views for reporting of CustomerSalesFunds Validate various reports in BOBJ Technical Environment Data Modelling SAP HANA BOBJ Time Series Forecasting Internal Initiative Industry FMCG Customer Segmentation and RFM analysis Consultant 3 months The initiative involved setting up of HANAPython interface and advance analytics on Python Over the course I had successfully segmented data into five core segments using Kmeans and carried out RFM analysis in Python Also developed algorithm to categorize any new customer under the defined buckets Technical Environment Anaconda3 Python36 HANA SPS12 Industry Telecom Invoice state detection Consultant 1 months The initiative was to reduce the manual effort in verifying closed and open invoices manually it involved development to a decision tree to classify openclosed invoices This enabled effort reduction by 60 Technical Environment R SAP PAL SAP HANA SPS12 Accenture Experience Industry Analytics Cross Industry In Process Analytics for SAP Senior Developer 19 months Accenture Solutions Pvt Ltd India The project involved development of SAP analytics tool In Process Analytics IPA My role was to develop database objects and data models to provide operational insights to clients Role I have developed various Finance related KPIs and spearheaded various deployments Introduced SAP Predictive analytics to reduce development time and reuse functionalities for KPIs and prepared production planning reports Key Responsibilities Involved in information gather phase Designed and implemented SAP HANA data modelling using Attribute View Analytic View and Calculation View Developed various KPIs individually using complex SQL scripts in Calculation views Created procedures in HANA Database Took ownership and developed Dashboard functionality Involved in building data processing algorithms to be executed in R server for cluster analysis Technical Environment R SAP HANA TSQL Industry Cross Industry Accenture Testing Accelerator for SAP Database Developer 21 months Accenture Solutions Pvt Ltd India Role I have taken care of all development activities for the ATAS tool and have also completed various deployments of the product Apart from these activities I was also actively involved in maintenance of the database servers Production Quality Key Responsibilities Analyzing business requirements understanding the scope getting requirements clarified interacting with business and further transform all requirements to generate attribute mapping documents and reviewing mapping specification documentation Create Update database objects like tables views stored procedures function and packages Monitored SQL Server Error Logs and Application Logs through SQL Server Agent Prepared Data Flow Diagrams Entity Relationship Diagrams using UML Responsible for Designing developing and Normalization of database tables Experience in performance tuning using SQL profiler Involved in QA UAT knowledge transfer and support activities Technical Environment SQL Server 20082014 Visual Studio 2010 Windows Server Performance Monitor SQL Server Profiler C PLSQL TSQL,"""python,r,sap,tableau,sql,sap hana,pal,ms,sql,sap lumira,c,data modeling,analytics,scm analytics,nlp,tableau,lstm models,bi development,data models,time series forecasting,RFM analysis,plsql""","""python,r,sap,tableau,sql,sap hana,pal,ms,sql,sap lumira,c,data modeling,analytics,scm analytics,nlp,tableau,lstm models,bi development,data models,time series forecasting,RFM analysis,plsql"""
4,Data Science,Education Details MCA YMCAUST Faridabad Haryana Data Science internship Skill Details Data Structure Exprience Less than 1 year months C Exprience Less than 1 year months Data Analysis Exprience Less than 1 year months Python Exprience Less than 1 year months Core Java Exprience Less than 1 year months Database Management Exprience Less than 1 year monthsCompany Details company Itechpower description,"""python,java,database management"" ","""python,java,database management"" "
5,Data Science,SKILLS C Basics IOT Python MATLAB Data Science Machine Learning HTML Microsoft Word Microsoft Excel Microsoft Powerpoint RECOGNITION Academic Secured First place in BTechEducation Details August 2014 to May 2018 BTech Ghatkesar Andhra Pradesh Auroras Scientific and Technological Institute June 2012 to May 2014 Secondary Education Warangal Telangana SR Junior College Data Science Skill Details MS OFFICE Exprience Less than 1 year months C Exprience Less than 1 year months machine learning Exprience Less than 1 year months data science Exprience Less than 1 year months Matlab Exprience Less than 1 year monthsCompany Details company description,"""c,python,matlab,data science,machine learning,html,microsoft word,microsoft excel,microsoft powerpoint""","""c,python,matlab,data science,machine learning,html,microsoft word,microsoft excel,microsoft powerpoint"""
6,Data Science,Skills Python Tableau Data Visualization R Studio Machine Learning Statistics IABAC Certified Data Scientist with versatile experience over 1 years in managing business data science consulting and leading innovation projects bringing business ideas to working real world solutions Being a strong advocator of augmented era where human capabilities are enhanced by machines Fahed is passionate about bringing business concepts in area of machine learning AI robotics etc to real life solutionsEducation Details January 2017 B Tech Computer Science Engineering Mohali Punjab Indo Global College of Engineering Data Science Consultant Data Science Consultant Datamites Skill Details MACHINE LEARNING Exprience 13 months PYTHON Exprience 24 months SOLUTIONS Exprience 24 months DATA SCIENCE Exprience 24 months DATA VISUALIZATION Exprience 24 months Tableau Exprience 24 monthsCompany Details company Datamites description Analyzed and processed complex data sets using advanced querying visualization and analytics tools Responsible for loading extracting and validation of client data Worked on manipulating cleaning processing data using python Used Tableau for data visualization company Heretic Solutions Pvt Ltd description Worked closely with business to identify issues and used data to propose solutions for effective decision making Manipulating cleansing processing data using Python Excel and R Analyzed raw data drawing conclusions developing recommendations Used machine learning tools and statistical techniques to produce solutions to problems,"""python,tableau,data visualization,r studio,machine learning, statistics,query visualization,cleaning processing data""","""python,tableau,data visualization,r studio,machine learning, statistics,query visualization,cleaning processing data"""
7,Data Science,Education Details BTech Rayat and Bahra Institute of Engineering and Biotechnology Data Science Data Science Skill Details Numpy Exprience Less than 1 year months Machine Learning Exprience Less than 1 year months Tensorflow Exprience Less than 1 year months Scikit Exprience Less than 1 year months Python Exprience Less than 1 year months GCP Exprience Less than 1 year months Pandas Exprience Less than 1 year months Neural Network Exprience Less than 1 year monthsCompany Details company Wipro description Bhawana Aggarwal EMailbhawanachdgmailcom Phone 09876971076 VVersatile highenergy professional targeting challenging assignments in Machine PROFILE SUMMARY An IT professional with knowledge and experience of 2 years in Wipro Technologies in Machine Learning Deep Learning Data Science Python Software Development Skilled in managing endtoend development and software products projects from inception requirement specs planning designing implementation configuration and documentation Knowledge on Python Machine Learning Deep Learning data Science Algorithms Neural Network NLP GCP Knowledge on Python Libraries like Numpy Pandas Seaborn Matplotlib Cufflinks Knowledge on different algorithms in Machine learning like KNN Decision Tree Bias variance Trade off Support vector MachineSVMLogistic Regression Neural networks Have knowledge on unsupervised Supervised and reinforcement data Programming experience in relational platforms like MySQLOracle Have knowledge on Some programming language like CJava Experience in cloud based environment like Google Cloud Working on different Operating System like Linux Ubuntu Windows Good interpersonal and communication skills Problem solving skills with the ability to think laterally and to think with a medium term and long term perspective Flexibility and an open attitude to change Ability to create define and own frameworks with a strong emphasis on code reusability TECHNICAL SKILLS Programming Languages Python C Libraries Seaborn Numpy Pandas Cufflinks Matplotlib Algorithms KNN Decision Tree Linear regression Logistic Regression Neural Networks K means clustering Tensorflow SVM Databases SQL Oracle Operating Systems Linux Window Development Environments NetBeans Notebooks Sublime Ticketing tools Service Now Remedy Education UG Education BTech Computer Science from Rayat and Bahra Institute of Engineering and Biotechnology passed with 784in 2016 Schooling XII in 2012 from Moti Ram Arya Sr Secondary SchoolPassed with 784 X in 2010 from Valley Public School Passed with 94 CGPA WORK EXPERINCE Title Wipro Neural Intelligence Platform Team Size 5 Brief Wipros Neural Intelligence Platform harnesses the power of automation and artificial intelligence technologiesnatural language processing NLP cognitive machine learning and analytics The platform comprises three layers a data engagement platform that can easily access and manage multiple structured and unstructured data sources an intent assessment and reasoning engine that includes sentiment and predictive analytics and a deep machine learning engine that can sense act and learn over time The project entailed automating responses to user queries at the earliest The Monster Bot using the power of Deep Machine Learning NLP to handle such queries User can see the how their queries can be answered quickly like allL1 activities can be eliminated Entity Extractor This involves text extraction and NLP for fetching out important information from the text like dates names places contact numbers etc This involves Regex Bluemix NLU apis and machine learning using Tensor flow for further learning of new entities Classifier This involves the classifications of classes training of dataset and predicting the output using the SKLearn classifier MNB SVM SGD as Classifier and SGD for the optimization to map the user queries with the best suited response and make the system efficient NER A Deep Learning NER Model is trained to extract the entities from the text Entities like Roles Skills Organizations can be extracted from raw text RNNLSTM Bidirectional model is trained for extracting such entities using Keras TensorFlow framework OTHER PROJECTS Title Diabetes Detection Brief Developed the software which can detect whether the person is suffering from Diabetes or not and got the third prize in it TRAINING AND CERTIFICATIONS Title Python Training Machine Learning Data Science Deep Learning Organization Udemy Coursera Machine Learning Deep Learning Personal Profile Fathers Name Mr Tirlok Aggarwal Language Known English Hindi Marital Status Single Date of BirthGender19931220YYYYMMDD F company Wipro description Developing programs in Python company Wipro description Title Wipro Neural Intelligence Platform Team Size 5 Brief Wipros Neural Intelligence Platform harnesses the power of automation and artificial intelligence technologiesnatural language processing NLP cognitive machine learning and analytics The platform comprises three layers a data engagement platform that can easily access and manage multiple structured and unstructured data sources an intent assessment and reasoning engine that includes sentiment and predictive analytics and a deep machine learning engine that can sense act and learn over time The project entailed automating responses to user queries at the earliest The Monster Bot using the power of Deep Machine Learning NLP to handle such queries User can see the how their queries can be answered quickly like allL1 activities can be eliminated Entity Extractor This involves text extraction and NLP for fetching out important information from the text like dates names places contact numbers etc This involves Regex Bluemix NLU apis and machine learning using Tensor flow for further learning of new entities Classifier This involves the classifications of classes training of dataset and predicting the output using the SKLearn classifier MNB SVM SGD as Classifier and SGD for the optimization to map the user queries with the best suited response and make the system efficient NER A Deep Learning NER Model is trained to extract the entities from the text Entities like Roles Skills Organizations can be extracted from raw text RNNLSTM Bidirectional model is trained for extracting such entities using Keras TensorFlow framework company Wipro Technologies description An IT professional with knowledge and experience of 2 years in Wipro Technologies in Machine Learning Deep Learning Data Science Python Software Development Skilled in managing endtoend development and software products projects from inception requirement specs planning designing implementation configuration and documentation Knowledge on Python Machine Learning Deep Learning data Science Algorithms Neural Network NLP GCP Knowledge on Python Libraries like Numpy Pandas Seaborn Matplotlib Cufflinks Knowledge on different algorithms in Machine learning like KNN Decision Tree Bias variance Trade off Support vector MachineSVMLogistic Regression Neural networks Have knowledge on unsupervised Supervised and reinforcement data Programming experience in relational platforms like MySQLOracle Have knowledge on Some programming language like CJava Experience in cloud based environment like Google Cloud Working on different Operating System like Linux Ubuntu Windows Good interpersonal and communication skills Problem solving skills with the ability to think laterally and to think with a medium term and long term perspective Flexibility and an open attitude to change Ability to create define and own frameworks with a strong emphasis on code reusability,"""numpy,machine learning,tensorflow,scikit learn,pandas,deep learning,seaborn,matplotlib,cufflinks,knn,decision tree,support vector machineSVMLogistics,k means clustering,ner model,sklearn,regex,bluemix,nlu,sgd,mnb,svm,gcp""","""numpy,machine learning,tensorflow,scikit learn,pandas,deep learning,seaborn,matplotlib,cufflinks,knn,decision tree,support vector machineSVMLogistics,k means clustering,ner model,sklearn,regex,bluemix,nlu,sgd,mnb,svm,gcp"""
8,Data Science,Personal Skills Ability to quickly grasp technical aspects and willingness to learn High energy levels Result oriented Education Details January 2018 Master of Engineering Computer Technology Application Bhopal Madhya Pradesh Truba Institute of Engineering Information Technology January 2010 BE computer science Bhopal Madhya Pradesh RKDF Institute of Science and Technology College of Engineering January 2006 Polytechnic Information Technology Vidisha Madhya Pradesh SATI Engineering College in Vidisha January 2003 Mtech Thesis Detail BMCH School in Ganj basoda Data science I have six month experience in Data Science Key Skills Experience in Machine Learning Deep Leaning NLP Python SQL Web Scraping Good knowledge in computer subjects and ability to update Skill Details Experience in Machine Learning Deep Learning NLP Python SQL Web Crawling HTMLCSS Exprience Less than 1 year monthsCompany Details company RNTAI Technology Solution description Text classification using Machine learning Algorithms with python Practical knowledge of Deep learning algorithms such as Recurrent Neural NetworksRNN Develop custom data models and algorithms to apply to dataset Experience with Python packages like Pandas Scikitlearn Tensor Flow Numpy Matplotliv NLTK Comfort with SQL MYSQL Sentiment analysis Apply leave Dataset using classification technique like Tfidf LSA with cosine similarity using Machine learning Algorithms Web crawling using Selenium web driver and Beautiful Soup with python company Life Insurance Corporation of India Bhopal description Explaining policy features and the benefits Updated knowledge of life insurance products and shared with customers,"""data science,machine learning,deep learning,nlp,python,sql,web scraping,web crawling,htmlcss,data models,recurrent nueral,rnn,pandas,scikitlearn,tensor flow,numpy,matplotliv,nltk,mysql,sentiment analysis,tfidf,lsa,cosine similarity""","""data science,machine learning,deep learning,nlp,python,sql,web scraping,web crawling,htmlcss,data models,recurrent nueral,rnn,pandas,scikitlearn,tensor flow,numpy,matplotliv,nltk,mysql,sentiment analysis,tfidf,lsa,cosine similarity"""
9,Data Science,Expertise Data and Quantitative Analysis Decision Analytics Predictive Modeling DataDriven Personalization KPI Dashboards Big Data Queries and Interpretation Data Mining and Visualization Tools Machine Learning Algorithms Business Intelligence BI Research Reports and Forecasts Education Details PGP in Data Science Mumbai Maharashtra Aegis School of data science Business BE in Electronics Communication Electronics Communication Indore Madhya Pradesh IES IPS Academy Data Scientist Data Scientist with PR Canada Skill Details Algorithms Exprience 6 months BI Exprience 6 months Business Intelligence Exprience 6 months Machine Learning Exprience 24 months Visualization Exprience 24 months spark Exprience 24 months python Exprience 36 months tableau Exprience 36 months Data Analysis Exprience 24 monthsCompany Details company Aegis school of Data Science Business description Mostly working on industry project for providing solution along with Teaching Appointments Teach undergraduate and graduatelevel courses in Spark and Machine Learning as an adjunct faculty member at Aegis School of Data Science Mumbai 2017 to Present company Aegis school of Data Business description Data Science Intern Nov 2015 to Jan 2016 Furnish executive leadership team with insights analytics reports and recommendations enabling effective strategic planning across all business units distribution channels and product lines Chat Bot using AWS LEX and Tensor flow Python The goal of project creates a chat bot for an academic institution or university to handle queries related courses offered by that institute The objective of this task is to reduce human efforts as well as reduce man made errors Even by this companies handle their client 24x7 In this case companies are academic institutions and clients are participants or students Web scraping using Selenium web driver Python The task is to scrap the data from the online messaging portal in a text format and have to find the pattern form it Data Visualization and Data insights Hadoop Eco System Hive PySpark QlikSense The goal of this project is to build a Business Solutions to a Internet Service Provider Company like handling data which is generated per day basis for that we have to visualize that data and find the usage pattern form it and have a generate a reports Image Based Fraud Detection Microsoft Face API PySpark Open CV The main goal of project is Recognize similarity for a face to given Database images Face recognition is the recognizing a special face from set of different faces Face is extracted and then compared with the database Image if that Image recognized then the person already applied for loan from somewhere else and now hiding his or her identity this is how we are going to prevent the frauds in the initial stage itself Churn Analysis for Internet Service Provider R Python Machine Learning Hadoop The objective is to identify the customer who is likely to churn in a given period of time we have to pretend the customer giving incentive offers Sentiment Analysis Python NLP Apache Spark service in IBM Bluemix This project is highly emphasis on tweets from Twitter data were taken for mobile networks service provider to do a sentiment analysis and analyze whether the expressed opinion was positive negative or neutral capture the emotions of the tweets and comparative analysis Quantifiable Results Mentored 712 Data Science Enthusiast each year that have all since gone on to graduate school in Data Science and Business Analytics Reviewed and evaluated 2040 Research Papers on Data Science for one of the largest Data Science Conference called Data Science Congress by Aegis School of Business Mumbai Heading a solution providing organization called Data Science Delivered into Aegis school of Data Science Mumbai and managed 45 live projects using Data Science techniques Working for some social cause with the help of Data Science for Social Goods Committee where our team developed a product called Lets find a missing Child for helping society company IBM India pvt ltd description Mostly worked on blumix and IBM Watson for Data science,"""quantitative analysis,decision analytics,predictive modeling,datadriven,kpi dashboards,big data queries,data mining, visualization,business intelligence,forecasts,tensor flow,hadoop,hive,pyspark""","""quantitative analysis,decision analytics,predictive modeling,datadriven,kpi dashboards,big data queries,data mining, visualization,business intelligence,forecasts,tensor flow,hadoop,hive,pyspark"""
10,Data Science,Skills Programming Languages Python pandas numpy scipy scikitlearn matplotlib Sql Java JavaScriptJQuery Machine learning Regression SVM Nave Bayes KNN Random Forest Decision Trees Boosting techniques Cluster Analysis Word Embedding Sentiment Analysis Natural Language processing Dimensionality reduction Topic Modelling LDA NMF PCA Neural Nets Database Visualizations Mysql SqlServer Cassandra Hbase ElasticSearch D3js DCjs Plotly kibana matplotlib ggplot Tableau Others Regular Expression HTML CSS Angular 6 Logstash Kafka Python Flask Git Docker computer vision Open CV and understanding of Deep learningEducation Details Data Science Assurance Associate Data Science Assurance Associate Ernst Young LLP Skill Details JAVASCRIPT Exprience 24 months jQuery Exprience 24 months Python Exprience 24 monthsCompany Details company Ernst Young LLP description Fraud Investigations and Dispute Services Assurance TECHNOLOGY ASSISTED REVIEW TAR Technology Assisted Review assists in accelerating the review process and run analytics and generate reports Core member of a team helped in developing automated review platform tool from scratch for assisting E discovery domain this tool implements predictive coding and topic modelling by automating reviews resulting in reduced labor costs and time spent during the lawyers review Understand the end to end flow of the solution doing research and development for classification models predictive analysis and mining of the information present in text data Worked on analyzing the outputs and precision monitoring for the entire tool TAR assists in predictive coding topic modelling from the evidence by following EY standards Developed the classifier models in order to identify red flags and fraudrelated issues Tools Technologies Python scikitlearn tfidf word2vec doc2vec cosine similarity Nave Bayes LDA NMF for topic modelling Vader and text blob for sentiment analysis Matplot lib Tableau dashboard for reporting MULTIPLE DATA SCIENCE AND ANALYTIC PROJECTS USA CLIENTS TEXT ANALYTICS MOTOR VEHICLE CUSTOMER REVIEW DATA Received customer feedback survey data for past one year Performed sentiment Positive Negative Neutral and time series analysis on customer comments across all 4 categories Created heat map of terms by survey category based on frequency of words Extracted Positive and Negative words across all the Survey categories and plotted Word cloud Created customized tableau dashboards for effective reporting and visualizations CHATBOT Developed a user friendly chatbot for one of our Products which handle simple questions about hours of operation reservation options and so on This chat bot serves entire product related questions Giving overview of tool via QA platform and also give recommendation responses so that user question to build chain of relevant answer This too has intelligence to build the pipeline of questions as per user requirement and asks the relevant recommended questions Tools Technologies Python Natural language processing NLTK spacy topic modelling Sentiment analysis Word Embedding scikitlearn JavaScriptJQuery SqlServer INFORMATION GOVERNANCE Organizations to make informed decisions about all of the information they store The integrated Information Governance portfolio synthesizes intelligence across unstructured data sources and facilitates action to ensure organizations are best positioned to counter information risk Scan data from multiple sources of formats and parse different file formats extract Meta data information push results for indexing elastic search and created customized interactive dashboards using kibana Preforming ROT Analysis on the data which give information of data which helps identify content that is either Redundant Outdated or Trivial Preforming fulltext search analysis on elastic search with predefined methods which can tag as PII personally identifiable information social security numbers addresses names etc which frequently targeted during cyberattacks Tools Technologies Python Flask Elastic Search Kibana FRAUD ANALYTIC PLATFORM Fraud Analytics and investigative platform to review all red flag cases FAP is a Fraud Analytics and investigative platform with inbuilt case manager and suite of Analytics for various ERP systems It can be used by clients to interrogate their Accounting systems for identifying the anomalies which can be indicators of fraud by running advanced analytics Tools Technologies HTML JavaScript SqlServer JQuery CSS Bootstrap Nodejs D3js DCjs,"""python,pandas,numpy,scipy,scikitlearn,matplotlib,sql,java,javascriptjquery,machine learning,svm,nave bayes,knn,random forest,decision trees,cluster analysis,word embedding,sentiment analysis,natural language processing,dimensionality reduction,topic modeling,lda,nmf,pca,nueral nets,database visualizations,mysql,cassandra,hbase,elasticsearch,d3js,dcjs,plotly kibana,matplotlib,ggplot,tableau,regular expression,html,css,angular,logstash,kafka,flask,git,docker,computer visioni,open cv""","""python,pandas,numpy,scipy,scikitlearn,matplotlib,sql,java,javascriptjquery,machine learning,svm,nave bayes,knn,random forest,decision trees,cluster analysis,word embedding,sentiment analysis,natural language processing,dimensionality reduction,topic modeling,lda,nmf,pca,nueral nets,database visualizations,mysql,cassandra,hbase,elasticsearch,d3js,dcjs,plotly kibana,matplotlib,ggplot,tableau,regular expression,html,css,angular,logstash,kafka,flask,git,docker,computer visioni,open cv"""
11,Data Science,Education Details May 2013 to May 2017 BE UITRGPV Data Scientist Data Scientist Matelabs Skill Details Python Exprience Less than 1 year months Statsmodels Exprience 12 months AWS Exprience Less than 1 year months Machine learning Exprience Less than 1 year months Sklearn Exprience Less than 1 year months Scipy Exprience Less than 1 year months Keras Exprience Less than 1 year monthsCompany Details company Matelabs description ML Platform for business professionals dummies and enthusiasts 60A Koramangala 5th block AchievementsTasks behind sukh sagar Bengaluru India Developed and deployed auto preprocessing steps of machine learning mainly missing value treatment outlier detection encoding scaling feature selection and dimensionality reduction Deployed automated classification and regression model linkedincominadityarathore b4600b146 Reasearch and deployed the time series forecasting model ARIMA SARIMAX Holtwinter and Prophet Worked on metafeature extracting problem githubcomrathorology Implemented a state of the art research paper on outlier detection for mixed attributes company Matelabs description,"""matelabs,python,statsmodels,aws,machine learning,sklearn,scipy,keras,preprocessing,outlier detection,regression model,time series,forecasting model,encoding,scaling,feature selection,dimentionality reduction""","""matelabs,python,statsmodels,aws,machine learning,sklearn,scipy,keras,preprocessing,outlier detection,regression model,time series,forecasting model,encoding,scaling,feature selection,dimentionality reduction"""
12,Business Analyst,IT Skills Area Exposure Modeling Tool Bizagi MS Visio Prototyping Tool Indigo Studio Documentation MS Office MS Word MS Excel MS Power Point Testing Proficiency Smoke Sanity Integration Functional Acceptance and UI Methodology implemented Waterfall Agile Scrum Database SQL Testing Tool HPQC Business Exposure Education Details Bachelor Of Computer Engineering Computer Engineering Mumbai Maharashtra Thadomal Shahani Engineering college Diploma Computer Engineering Ulhasnagar Maharashtra Institute of Technology Secondary School Certificate Ulhasnagar Maharashtra New English High School Senior Business Analyst RPA Senior Business Analyst RPA Hexaware Technologies Skill Details DOCUMENTATION Exprience 47 months TESTING Exprience 29 months INTEGRATION Exprience 25 months INTEGRATOR Exprience 25 months PROTOTYPE Exprience 13 monthsCompany Details company Hexaware Technologies description Working as a RPA Business Analyst company BBH Brown Brothers Harriman Co description is a private bank that provides commercial banking investment management brokerage and trust services to private companies and individuals It also performs merger advisory foreign exchange custody services commercial banking and corporate financing services Responsibilities Performed Automation Assessment of various Processes and identified processes which can be candidates of RPA Conducting Assessment that involves an initial Understanding of the Existing System their technology processes Usage of the tools Feasibility of tool with automation tool along with automation ROI analysis Preparing the Automation Potential Sheet which describes the steps in the process the volume and frequency of the transaction the AHT taken by SME to perform the process and depending on the steps that could be automated Automation potential and the manual efforts that will be saved are calculated Calculating the complexity of the Process which is considered for automation and depending on all these factors Number of Bots and Number of Automation tool Licenses are determined Implementing a Proof of Concept POC to Validate Feasibility by executing the selected critical use cases for conducting a POC which will helps to identify financial and operational benefits and provide recommendations regarding the actual need for complete automation Gathering business requirements by conducting detailed interviews with business users stakeholders and Subject Matter Experts SMEs Preparing Business Requirement Document and then converted Business requirements into Functional Requirements Specification Constructing prototype early toward a design acceptable to the customer and feasible Assisting in designing test plans test scenarios and test cases for integration regression and user acceptance testing UAT to improve the overall quality of the Automation Participating regularly in Walkthroughs and Review meetings with Project Manager QA Engineers and Development team Regularly interacting with offshore and onshore development teams company FADV First Advantage description is a criminal background check company that delivers global solutions ranging from employment screenings to background checks The following are the processes which were covered Email Process Research Process Review Process Responsibilities Requirement Gathering through conducting Interviews Brainstorming sessions with stakeholders To develop decision models and execute those rules as per the use case specifications To Testvalidate the decision models against document test data To maintain and enhance the decision models for changes in regulations as per use case specifications Responsible for performing the business research that will make a business growth Developing a clear understanding of existing business functions and processes Effectively communicate with the onsite clients for the queries suggestions and update Giving suggestions to enhance the current processes Identifying areas for process improvement Flagging up potential problems at an early stage Preparing PowerPoint presentations and documents for business meetings Using any information gathered to write up detailed reports Highlighting risks and issues that could impact project delivery Able to work accurately To develop and maintain documentation for internal team training and client end user operations To work efficiently with team members and across teams To mentor and train junior team members company Clinical Testing Lab Work and Diagnostic Testing description IQVIA provides services to its customers this includes Clinical Testing Lab Work and Diagnostic Testing under clinical trial These customers need to pay to IQVIA and aging details and invoices are generated for the same The following are the processes which were covered Tracking Payments Automated Real Time Metrics Reporting Dashboard Past Due Notifications AR Statements CreditRebill Responsibilities Conducting meetings with clients and key stakeholders to gather requirements analyze finalize and have formal signoffs from approvers Gather and perform analysis of the business requirements Translating the business requirements into the Business Requirement Document BRD Functional Requirement Document FRD Facilitating meetings with the appropriate subject matter experts in both business and technology teams Coordinating with business user community for the execution of user acceptance test as well as tracking issues Working collaborating and coordinating with Offshore and Onsite team members to fulfill the BA responsibilities from project initiation to PostImplementation Reviewing the test scripts with business users as well as technology team Execute test scripts with expected results for the System Integration Test SIT and User Acceptance Test UAT Coordinating and conducting the Production Acceptance Testing PAT with the business users Creating flow diagrams structure charts and other types of system or process representations Managing changes to requirements and baseline through a change control process Utilizing standard methods design and testing tools throughout project development life cycle Work closely with the operational functional teams operations management and personnel and various technology teams to facilitate a shared understanding of requirements and priorities across all areas company Eduavenir IT Solution description Project MBMS MBMS is an Inventory management application that allows user to manage inventory details of different warehouses having different products located at various locations and help extract what goods have been procured sold or returned by customers It generates automated invoicesalong withcustomized reports It also managescustomer complaint and resolution system implementation along with automated MIS on monthly basisSales and forecastingis also developed on MIS System and the streamlining of process of warehousing and dispatch along with online proof of delivery management system POD documentation is generated Responsibilities Participate in requirement gathering discussion with client to understand the flow of business processes Analyze the requirements and determine the core processes develop Process Documentation and ensure to stay uptodate in conjunction with ongoing changes Participate in process flow analysis and preparing BRD SRS Coordinating with developers designers operations teams for various nuances of the project communicate the stakeholder requirements from requirement enhancement to implementation and finally deliver the same within estimated timeframe Support UAT by reviewing test cases manage version control of documents software builds Coordinate with the stakeholders for UAT sign off and coordinate internally for production movement till Golive stage of the application Provide demo and training to internal and end user using PowerPoint presentation Resolving project functional technical issues during UAT Prioritizing the Production bugs and resolving the same within the estimated timeframe Preparing Project Status Report and Production Bugs Status to all the stakeholders Promoting and Networking for online trading platform Designing query sheet for obtaining and comparison of quotes from various vendors Development of product codes material codes for inventory management Master Data Management company CAPGEMINI Head Office description Type Mobile and Device Testing Duration January 2014 August 2014 Follet An application which takes an electronic request from the user for the books he requires from a particular follet store This detailed information about books that will include the name of the book its price the date of the transaction and the parties involved which will then be sent to follet stores User then create request for one or more books for a given date This request is then processed further and user gets a mail of the date when he will be provided with that book Responsibilities Understanding the needs and business requirements Preparing BRD SRS by eliciting all the requirements from the client and SMEs Understanding the dependency of the modules in the system Preparation of test plan for Unit level and Integration level Preparation and execution of test cases Defect tracking Issue Resolution Risk Monitoring Status Tracking Reporting and Followup Preparation of Test Completion report company CAPGEMINI Head Office description company CAPGEMINI Head Office description Humana is a health care insurance project of US which deals with supplying various medicines to citizens as per the doctors reference and patients insurance policy This application keeps track of all the medicines user has consumed in the past and generates a patient history A citizen is given a drug only after the doctors reference so the doctors information is also linked with the patients history Responsibilities Understanding the requirements and getting clarifications from client Involved in writing test cases based on test scenarios and execute them Ensuring Test Coverage using Requirement Traceability Matrix RTM Preparation of Test Completion report company CAPGEMINI Head Office description Testing Trends WQR World Quality Report is an application which allows the users to take a survey on different methods and technologies used for testing Users can choose to answer any type of questions under three different categories Users have a facility to search view and export the data to excel Also users get daily and weekly reports through email about the new trends in testing implemented around the globe Testing Trends WQR app is available on Android and IOS platforms Responsibilities Understanding the requirements and getting clarifications from client Writing test cases based on test scenarios and executed them Performing different types of testing such as Functional Integration System and UAT Defect resolution and maintenance of the application,"jango,flask,gitbash,jupyter notebook,xampp,mysql,python 2,python 3,data analysis,data science""","jango,flask,gitbash,jupyter notebook,xampp,mysql,python 2,python 3,data analysis,data science"""
13,Business Analyst,TECHNOLOGICAL SKILLS Knowledge of Computers on the Windows platform Fluency in MSOffice Applications such as Excel Word PowerPoint etc HTML JAVA PHP ATTRIBUTES Hardworking towards achieving the Goal Good communication skills Quick learner Good interpersonal relationEducation Details January 2016 to January 2018 MMS Mumbai Maharashtra University of Mumbai January 2016 to January 2018 MMS Management Mumbai Maharashtra University of Mumbai January 2014 BSc Bandra MAHARASHTRA IN Rivzi College January 2011 HSC Bandra Maharashtra IN St Andrews College January 2011 HSC Allana Junior College January 2009 SSC Canossa High School January 2008 SSC Maharashtra State Board Business Analyst Business Analyst Mass Group of Companies Skill Details EXCEL Exprience 23 months HTML Exprience 6 months JAVA Exprience 6 months PHP Exprience 6 months POWERPOINT Exprience 6 monthsCompany Details company Mass Group of Companies description Key Role Analyst Responsibilities Manage risk and provide risk management process Liaise with other project areas to coordinate with interdependencies and resolve issues Analyse and map business process Guide stakeholders on devising effective and efficient approaches to achieving project objectives Preparation of various Derivable ie Business requirement functional requirement and report specification company Commversion PvtLTD description Responsibilities Employee Satisfaction reports Evaluate overall work Internal Audit Maintain timesheet validation Set Simple and performance driven compensation strategies and polices,"""modeling tool,bizagi,ms visio,ms office,ms word,ms excel,ms power point,sql,hpqc,roi analysis,smoke sanity,waterfall agile,automation potential sheet,decision models,mis system,warehousing,brd,srs""","""modeling tool,bizagi,ms visio,ms office,ms word,ms excel,ms power point,sql,hpqc,roi analysis,smoke sanity,waterfall agile,automation potential sheet,decision models,mis system,warehousing,brd,srs"""
14,Business Analyst,Education Details February 2006 to February 2006 TYBCOM Commerce mumbai Business Analyst Business Analyst Skill Details Company Details company Motilal Oswal description Business Analyst Handling IT Operation for Institutional Equities Maintain Daily MIS in Excel for CAG Research Derivative Sales team Preparing Auto Dashboard For Research Sales Trading team Working on Excel Macro to Create Innovative Report Working on Block Related Data Working on BD Fund from different GEO Working on Investors Corporate Meeting to track Corporate Block Fund Interest in Sector company FSS description Project Description Maintain and prepare cash indent cash report cash position and cash planning Responsibilities Maintain Daily MIS in excel Provide complete information about MIS ATM Maintain and prepare cash indent cash report cash position cash planning Coordinate with BANK CASH DEPARTMENT Coordinate with custodians DEGREE COURSE YEAR of PASSING GRADE INSTITUTE UNIVERSITY BOARD PERCENTAGE company ANGEL BROKING description Reporting Assistant Manager SR Manger Responsibilities Handling team of 14 Quality assurance team members Maintain Daily MIS in excel of team productivity Maintain and prepare repots adding comments on remark mailing client for modification of given number Mailing reports to different branches Coordinating with RM Provide complete information about script to client,"""msoffice,excel,word,powerpoint,html,java,php,timesheet validation,compensation strategies""","""msoffice,excel,word,powerpoint,html,java,php,timesheet validation,compensation strategies"""
15,SAP Developer,Skills ETL Data Warehousing SQLPL SQL Basic Core Java Basic Python Tools SAP BODS SAP BO Oracle 11g Sybase Education Details August 2008 to July 2012 Bachelor of Engineering Navi Mumbai Panvel Maharashtra Mumbai University June 2006 to May 2007 BE Computer Engineering Navi Mumbai Maharashtra Ryan International School SAP BOBODS DeveloperAdministrator Tata Consultancy Services Limited SAP BPBODS DeveloperAdministrator Tata Consultancy SAP BODS Skill Details DATA WAREHOUSING Exprience 6 months SAP BO ADMIN Exprience Less than 1 year months SAP BODS Exprience Less than 1 year months ETL Exprience Less than 1 year months BASIC CORE JAVA Exprience Less than 1 year months SAP BO Exprience Less than 1 year months SAP BODS ADMIN Exprience Less than 1 year months BASIC PYTHON Exprience Less than 1 year monthsCompany Details company SAP BODS description Client Royal Bank of Canada Developed BODS jobs and createdmodified packages during migration from Sybase to Oracle Database Taking up regular performance enhancement activities by cocoordinating with other teams like database team Server Team Data Center team to identify bottlenecks in the running of jobs Developed BODS jobs to fetch data from SAP R3 using various data transfer modes Implemented Central repositories to move jobs seamlessly in multideveloper environment company Tata Consultancy Services Limited description Installed and configured all the five environments of BO 40 and BODS 4042 DEVQAPRODStandbyDR with Apache and Tomcat as web and app servers on windows Loading data received from various source systems like TCS BaNCS SAP R3 LOS Credence and flat files using SCD1 and SCD2 to Data Warehouse to generate consolidated reports Developed BODS jobs to fetch data from SAP R3 using various data transfer modes Implemented Central repositories to move jobs seamlessly in multideveloper environment Configuration and creation of BODS repositories using Repository Manager and Sever Manager Used Formats and Transforms including Flat File formats Query Table Comparison History Preserving Validation Transform Key Generation and Map Operation Deployed BODS in ActiveActive mode using server groups to improve performance and availability of the system Using BO Java SDK to build custom java programs to automate various administration tasks and fetching metadata about BO system Implemented BO Mobile and used wdeploy to separate static and dynamic contents into web server and web application Developed audit reports in web Intelligence using audit universe to gather information about the usage of various reports in the BO system Implemented and deployed features like Trusted authenticationVintela sso to make application easy to use for end users Daily administrator tasks involved migration of resources from one environment to another publication creation and monitoring troubleshooting any issues with the application and monitoring the application through the tools available to ensure that the application is up and available round the clock Have been involved in testing of backup systems in Standby and DR to make sure that application continue to service business users in case the primary systems are down company Tata Consultancy Services Limited description Client Tata Capital Financial Services Limited Installed and configured all the five environments of BO 40 and BODS 4042 DEVQAPRODStandbyDR with Apache and Tomcat as web and app servers on windows Loading data received from various source systems like TCS BaNCS SAP R3 LOS Credence and flat files using SCD1 and SCD2 to Data Warehouse to generate consolidated reports Configuration and creation of BODS repositories using Repository Manager and Sever Manager Used Formats and Transforms including Flat File formats Query Table Comparison History Preserving Validation Transform Key Generation and Map Operation Deployed BODS in ActiveActive mode using server groups to improve performance and availability of the system Using BO Java SDK to build custom java programs to automate various administration tasks and fetching metadata about BO system Implemented BO Mobile and used wdeploy to separate static and dynamic contents into web server and web application Developed audit reports in web Intelligence using audit universe to gather information about the usage of various reports in the BO system Implemented and deployed features like Trusted authentication Vintela sso to make application easy to use for end users Daily administrator tasks involved migration of resources from one environment to anotherpublication creation and monitoring troubleshooting any issues with the application and monitoring the application through the tools available to ensure that the application is up and available round the clock Have been involved in testing of backup systems in Standby and DR to make sure that application continue to service business users in case the primary systems are down,"""mis,excel,cag research,auto dashboard,block related data""","""mis,excel,cag research,auto dashboard,block related data"""
16,SAP Developer,Competencies SAP Business Intelligence Version SAP BO 42 BO Tools Design Studio IDT Webi UDT CMC activities Backend DB HANA BW Bex Queries SQLEducation Details SAP BO Developer and SAP HANA Developer SAP BO Developer Credit Suisse Skill Details Sap Bi Exprience 72 months CMC Exprience 72 months HANA Exprience 36 months BUSINESS INTELLIGENCE Exprience 72 months SQL Exprience 72 months SAP BO Exprience 72 monthsCompany Details company Accenture description Company Accenture Pune Environment SAP BO 42 IDT HANA views Role SAP BO Developer and HANA developer Description This Project aims to provide reporting solution for Swiss business usersThe universe supports analyzing customer funds purchase order patterns and order lifecycle reporting The purpose of reports is to provide an endtoend view of the entire sales order transaction and to track the investment orders in various funds including the status of orders order types along with the gross value and net value to be generated from these orders Roles Responsibilities Analyzed user requirements and sorted the best possible ways of optimizing performance of universe CV and generated views development in HANA studio Handling day to day activities involved in development of Business Objects as per the client requirements Worked as a team member with backend counterpart to understand the Business Requirements Developing and maintaining universes Raised OSS tickets to SAP for issues and implemented suggestionworkaround in development Fixed webi issues reported by users Created BIAR file and promoted to higher environments by change request Project handover to team and documentation for reference Project 2 Project Name Nestle Client Nestle Globe Company Tech Mahindra Pvt Ltd Bangalore Environment SAP BO 42 IDT HANA views Role SAP BO Developer and HANA developer Description This Project aims to provide reporting solution for Global business users The Globe Integrated Order IO Billing Detail and Order Detail universes combines orders deliveries shipment and billing documents at the order item level The universe supports analyzing customer order patterns and order lifecycle reporting The purpose of reports on this universe is to provide an endtoend view of the entire sales order transaction and to track the sales orders in various ways including the status of orders order types along with the gross value and net value to be generated from these orders Roles Responsibilities Analyzed user requirements and sorted the best possible ways of optimizing performance of universe CV and generated views development in HANA studio Handling day to day activities involved in development of Business Objects as per the client requirements Worked as a team member with backend counterpart to understand the Business Requirements Developing and maintaining universes Raised OSS tickets to SAP for issues and implemented suggestionworkaround in development Implemented Union pruning in concept in universe to optimize performance by partition selection in HANA views by passing value to prompt Fixed webi issues reported by users Created BIAR file and promoted to higher environments by change request Project handover to team and documentation for reference Project 3 Project Name Nestle Client Nestle TCT Company Tech Mahindra Pvt Ltd Bangalore Environment SAP BO XI 42 Design Studio 16 SP6 Bex Queries Role SAP BO Developer Description The Project was developed to show delay in Nestle freight orders by hours on cross tab bar chart geo map due to weather conditions Basic Source for the data was BW Bex queries and the top of these Queries dashboard was designed This main user audience was transport control tower members to analyze and take decision to send consignments via other modes of transport due to weather conditions to avoid delay and reduce expenditure Roles Responsibilities Involved with users to understand the Business Requirements and implement feature in a generic way Suggested best visualization components in dashboard to use Analyzing user requirements and finding the best possible ways of representing the data Bug Fixes and feature enhancement in application Project 4 Project Name Nestle Client Nestle BA Company Tech Mahindra Pvt Ltd Bangalore Environment SAP BO 42 Design Studio 16 Bex Queries Role SAP BO Developer Description The Project Nestle BA Catalogue Reporting for Nestle is basically to provide Dashboard in Design studio with the information of all the reports used within Nestle And this dashboard is been used by all the users of Nestle within different region of globe Basic Source for the data was BW Bex Queries and the top of these Queries Dashboard was designed This main purpose of the project was to help users to understand about usage of different reports on portal and to help them to take decision for decommissioning of a report Roles Responsibilities Involved with customer to understand the Business Requirements in order to present the data in a meaningful manner and suggested component selection to visualize data in most effectively Analyzing user requirements and finding the best possible ways of representing the data Changes in BW query according to requirement Interacting with client team for requirement gathering and analysis Implemented ideas in bex and design studio app to optimize performance with help of successful POC Project 5 Project Name Warner Bros Client Marvin Pictures US Company CapGemini Pvt Ltd Bangalore Tools Teradata DB SAP BO 41 Webi IDT CMC Query builder HPSM ticketing tool Role SAP BO Developer Description The purpose of the project is tracking of DVD and comic sale worldwide The Application will be used by End Users to analyze their sales Information and to help them in taking decision for their Business Growth Sales reports in webi were based on universe Teradata tables were source to universe Worked as shared resource for CMC activities and webiuniverse issues tickets Roles Responsibilities Working as a team member to understand the Business Requirements Performed CMC activities like user user group creation providing access to objects and folders Created folders for reports connection universes and provided user security connection pointing to universe Worked on issue related to connection universe objects and webi reports enhancements Raised OSS messages to SAP to seek solution related to BO tool and limitations Worked on webi report universe defects and enhancements Meeting with users to understand issue suggest best solution and ETA Worked on query builder to find BO objects metadata for investigation Created of BIAR format using promotion management Project 6 Project Name Nordea Client Nordea Bank Sweden Company CapGemini Pvt Ltd Bangalore Environment SAP BO 41 IDT Webi Teradata Role SAP BO Developer Description The Project report Analytics for Nordea aims to provide clear analysis of personal company accounts in bank around the world In all regions reports have data related to users and their account type Webi reports based on universe based on Teradata DB financial tables This project mainly tracks firms Sales with respect to different criterias like customer wise sales for different categories It helps various end Users to analyze their sales related information and to help in their business growth and make precise decisions Roles Responsibilities Involved in activities to understand the Business Requirements Analyzing user requirements and finding the best possible ways of representing the data Designing and developing interactive webi reports as per clients dynamic requirements Developed webi reports having blocks graphs and linked report with summary report After development performing unit test activities and presentation to users Implementation of Business Object ie Webi from one Environment to another using BIAR File Fixed issues in webi reports related to data and report formatting and made changes in report requested by users in MAT Prepared RDD for reports and performed unit testing Provided KT to users and supports teams company Tech Mahindra description company Capgemini description,"""etl,data warehousing,sql,java,python,sap,bods,sap,bo,oracle,sybase,sap,oracle,loading data,sap r3,data warehouse,query table ""","""etl,data warehousing,sql,java,python,sap,bods,sap,bo,oracle,sybase,sap,oracle,loading data,sap r3,data warehouse,query table """
17,SAP Developer,Education Details July 2008 to February 2012 BE COMPUTER SCIENCE Nagpur Maharashtra NAGPUR UNIVERSITY SAP HANA Developer SAP HANA Developer Schlumberger Skill Details SAP HANA Exprience 60 months SAP BO Exprience 36 monthsCompany Details company Schlumberger description Schlumberger is the worlds leading provider of technology for reservoir characterization drilling production and processing to the oil and gas industry Working in more than 85 countries RoleSAP HANA Developer Team Size 12 Duration Feb 2017 to Till Date Responsibilities Working on Suit on HANA and Native HANA Systems Working on end to end implementation for Release 23 and 24 Developing HANA Information Models Calculation Views Table Functions Procedures Actively involved in cutover activities Dry Runs Production Go live and Post Production Go Live and resolving issues Worked on HANA functionalities like Currency Conversions and analyzing the Planviz for performance related issues etc Worked on to bring the Tables in SAP HANA Landing zone using SDA Working on to resolve the performance issues in HANA views by applying filter joins etc Interacting with the Business and functional team members based on the discussion Creating Design Documents Technical Specification and Test Documents Successfully implemented the Release 22 and 23 for US Ecuador and Canada Successfully completed the Selfservice project for Finance Domain and created Reports in Analysis of office Working on to create the Power BI Reports Working on to resolve production defects and Incidents by using HPALM and Remedy Tools Working on to resolve the issues in an existing HANA Views Working on to promote the Objects in different environment by using CharmSolmon Working on to enhance the performance of the HANA views by using PLANVIZ Worked on to create the BO Reports for Vendor Master 2 Aero Space DesignHoneywell company Fujitsu Consulting India description Responsibilities HANA Data Model Development and Modification of Existing Models Providing estimation to create the data model based on business Request Creating Views Attribute Analytical and Calculation Views base on business requirement Creation of Design document and Technical design document Brought the data into HANA Landing zone using SLT and SDA Handled complex performance issues Worked SAP Landscape transformation for data replication from source DB to HANA DB Solved SIT tickets on HANA Information Model Developing HANA Information Models Calculation Views Table Functions Procedures Modifying existing models to include tables columns etc necessary to complete the requirement Configuring business objects to fetch data from HANA Editing Modifying exiting reports to fetch data from HANA as per the requirement 3 Mc Donald Company Fujitsu Consulting India Client MC Donald RoleSAP BO Developer Team Size 3 Duration July2013to June2014 Responsibilities Providing estimation to create the Universe and Webi Reports based on business request Worked on creating the Universes on top of SAP HANA and BW Resources Worked on creating the Complex Reports in webi Worked on providing the Row level and Folder level security Worked on Scheduling the Reports Tools and Technology Knowledge SAP HANA SPS12 SAP ECC 60 SQL Remedy SharePoint SAP Logon WEBI Power BI,"""sap,sap bo,bo tools,db hana, bw,bx,sap hana,sql,optimizing performance,hana studio,union pruning""","""sap,sap bo,bo tools,db hana, bw,bx,sap hana,sql,optimizing performance,hana studio,union pruning"""
18,SAP Developer,Education Details May 2013 Master Computer Application Mumbai Maharashtra IMCOST College April 2010 BSc Computer Science Mumbai Maharashtra VKK Menon College March 2005 SpringerNature Pune Maharashtra SVVM School ABAP Developer ABAP Developer SAP EXPOSURE Skill Details Company Details company SAP EXPOSURE description 1 Organization SpringerNature Duration MAR 2017 Till date Project Support for springer Nature Project Type Support Role ABAP Developer Major Contribution Writing new reports and modification for existing reports Worked on smartforms Standard debugging for issues For unit testing created contracts orders and invoices and tested individually company Atos Pvt Ltd description Duration MAY 2014 DEC 2015 Project lenM Its a Ministry of Netherland Project Project DSP DSM Sinochem Pharmaceuticals Project AkzoNobel Akzonobel is a leading global paints and coatings company and a major producer of specialty chemicals Project Type Support Role ABAP Developer Major Contribution Modified SAP Script as per the requirement specified Modified Invoice Smart Form Created custom tables data elements structures,,
19,Java Developer,"Education Details 
August 2010 to May 2017 BE Electronics & Communication Jabalpur, Madhya Pradesh Takshshila institute of technology
Java developer 


Skill Details 
Java, Javascript,- Exprience - 6 monthsCompany Details 
company - Wab It Softwere Pvt.  Ltd.
description - Jr. Java Developer","""java,javascript""","""java,javascript"""
20,Java Developer,"Technical Skills (Trained / Project Acquired Skills)  Languages Known: C, C++, J2EE, Spring, Hibernate.  Testing: Functional Testing, Manual Testing.  Operating Systems: Windows & Linux.  Packages: MS-office.  Databases: My SQL & PostgreSQL.Education Details 
January 2013 to January 2017 B.E Computer Science and Engineering  RTMNU University - Jhulelal Institute of Technology
January 2011 to January 2013 HSC  Nagpur, Maharashtra Maharashtra State Board - Dayanand Arya Kanya Junior College
January 2010 to January 2011 SSC  Nagpur, Maharashtra Maharashtra State Board
Java Developer 

Java Developer - Inouvelle Ventures Private Limited
Skill Details 
J2EE- Exprience - 17 months
C++- Exprience - 6 months
DATABASES- Exprience - 6 months
FUNCTIONAL TESTING- Exprience - 6 months
LINUX- Exprience - 6 monthsCompany Details 
company - Inouvelle Ventures Private Limited
description - Nagpur.
1.   Project name: Stock Management System		December 2017 - Till Date
Language of implementation: Angular (Frontend), JAVA - J2EE, spring, Hibernate Framework (Backend)
& PostgresSql Database.
Role: Java Developer
Operating system: Windows XP/07/08
Description: Stock management System is Specially Developing for the Medicinal Market. This software is developing to keep the track of medicines, ailments, surgical Equipments, & also to keep the track of Wholesalers, Retailers, Employees, & Customers of the Company. Stock management system is the practice of ordering, storing, tracking, and controlling
inventory. Debtor invoicing software helps small businesses and freelancers keep track of company assets   .. Stock
management may also be called stock control, inventory management or inventory control.
company - Inouvelle Ventures Private Limited
description - Project Profile
company - Inouvelle Ventures Private Limited
description - Language of implementation: Angular (Frontend), JAVA - J2EE, spring, Hibernate Framework (Backend)
& PostgresSql Database.
Role: Java Developer, Manual Testing.
Operating system: Windows XP/07/08
Description: This Project is done for the Oldest Printing Press in Nagpur. The proposed web based Printing Press
Management System designed according to user and system requirement to fulfil the existing problems. This system offers the products and services that enhance organization growth, efficiency, and profitability.","""c,c++,j2ee,spring,hibernate,my sql,postgresql""","""c,c++,j2ee,spring,hibernate,my sql,postgresql"""
21,Java Developer,"TECHNICAL SKILLS Skills: Java, SQL, PL/SQL, C, C++, BootStrap, JSP, Ext JS Operating Systems: Windows Tools: Toad, Eclipse, SoapBox, Postman Databases: Oracle, MS-SQL, MS-Access, MS-ExcelEducation Details 
January 2017 B.E. Computer Technology Gondia, MAHARASHTRA, IN Manoharbhai Patel Institute of Engineering and Technology
 HSC  Gondia, MAHARASHTRA, IN S.M.P. Science College
Java Developer 

Java Developer - Xoriant Solutions Pvt Ltd
Skill Details 
Company Details 
company - Xoriant Solutions Pvt Ltd
description - Pune
Period                Sept 2017 to till date
Role                  Java Developer
Description           ResRent is a team responsible for the development of various
modules for Hertz. They are responsible for the development of screens in the portfolios they look after, and act as a
primary control function; developing webservices to ensure it can
be hit by XML and JSON. We build various modules which are
inbuilt in Hertz to provide interfaces for end users in their tasks.
Tools                 Eclipse, TOAD, SoapBox, Postman
Responsibilities      - Develop module from Backend to Middleware to Frontend.
- Bugs fixing and proactive developing of enhancements
- Resolve Application incidents within defined UCs & creating
different Task ticket as well.
- Debug and provide solution for workflow.
- Resolving DB issues and providing technical support to BAs.
- Keeping track of deployments and effect of same on ongoing
jobs
- Contribution towards automation of daily activities and process
based organization
- On-time, within-budget delivery meeting customers quality
expectations.
- Maintain knowledge base of domain, known defects and issues,
processes and development techniques.
company - Xoriant Solutions Pvt Ltd
description - Strong communication, collaboration & team building skills with proficiency at grasping
new technical concepts quickly and utilize the same in a productive manner.
 Experience in development in Web application.
 Resolve project related issues in minimal time.
 Able to communicate effectively with multifunctional teams, programmers and technical staff at all levels.
 Good knowledge of Java, Sql, Ext JS, JSP, XML, Web services.
 Good interpersonal & analytical skills with proven abilities in resolving the complex
software issue.","""java,sql,pl/sql,c,c++,bootstrap,jsp,ext js,toad,eclipse,soapbox,postman,oracle,ms-sql,ms-access,ms-excel""","""java,sql,pl/sql,c,c++,bootstrap,jsp,ext js,toad,eclipse,soapbox,postman,oracle,ms-sql,ms-access,ms-excel"""
22,Java Developer,"TECHNICAL STRENGTHS Computer Language Java/J2EE, Swift, HTML, Shell script, MySQL Databases MySQL Tools SVN, Jenkins, Hudson, Weblogic12c Software Android Studio, Eclipse, Oracle, Xcode Operating Systems Win 10, Mac (High Sierra) Education Details 
June 2016 B.E. Information Technology Goregaon, MAHARASHTRA, IN Vidyalankar Institute of Technology
May 2013   Mumbai, Maharashtra Thakur Polytechnic
May 2010   Mumbai, Maharashtra St. Johns Universal School
Java developer 

Java developer - Tech Mahindra
Skill Details 
JAVA- Exprience - 21 months
MYSQL- Exprience - 21 months
DATABASES- Exprience - 17 months
J2EE- Exprience - 17 months
ANDROID- Exprience - 6 monthsCompany Details 
company - Tech Mahindra
description - Team Size: 5
Environment: Java, Mysql, Shell script.
Webserver: Jenkins.
Description: OR-Formatter is an application which takes the input file as Geneva Modified File GMF from Geneva server and reads the data to generate Bill backup and Bill Invoices for Client customers of BT. These invoices would be sent across to all the clients after billing.
Contribution:
	Played the role of Java developer involved in applying change request to current modules.
	Worked on requirement analysis and development for the user stories and also preformed dev unit testing for the user stories.
 Handled E2E issues and fixing bugs.
	Prepare required program level and user-level documentation.
company - Tech Mahindra
description - Team Size: 5
Environment: Java EJB, Mysql, Shell script.
Webserver: Weblogic12c Server, Jenkins.
Description: STAA is an encapsulation middleware layer, acting as an interface between clients operational support systems and Legacy systems. It transforms the legacy data into various formats such as TLV. Input is in form xml/http to STAA where validations are done and the response is sent to the back end systems where back end systems are CSS and COSMOSS Databases. The business methods deployed as EJBs on WebLogic Server shared across various market facing units of client.
Contribution:
	Played the role of Java developer involved in creating services using Java/J2EE.
	Worked on requirement analysis and development for the user stories and also preformed dev unit testing for the user stories.
 Handled E2E issues and fixing bugs.
	Worked in Migration from java 1.6 to java 1.8.","""java,j2ee,swift,html,shell script,mysql,svn,jenkins,hudson,weblogic12c,android studio,eclipse,oracle,xcode""","""java,j2ee,swift,html,shell script,mysql,svn,jenkins,hudson,weblogic12c,android studio,eclipse,oracle,xcode"""
23,Java Developer,"Education Details 
January 2013 Master of Engineering Information Technology Pune, Maharashtra M.I.T
January 2005 Bachelor of Engineering Information Technology Pusad, Maharashtra Amravati University
January 2001   Pusad, Maharashtra P. N. Junior College
January 1999 S.S.C  Pusad, Maharashtra K.D. High-School
Java Developer 

Java Developer - Maxgen Technologies
Skill Details 
Company Details 
company - Maxgen Technologies
description - Currently working in Infrasoft Technologies, Andheri as a Java Developer.
company - MIS Generation of Tata Sky and Tata Power
description - COURSES DONE: Android -Mobile App Development, Technologies in Java-Core Java,
Advance Java, JSF, Hibernate, Spring at NIIT in 2015-16.

ANDROID PROJECT: Location Detector of Computing and Mobile Devices. (Android)

ME PROJECT: Data Deduplication. My projects works to reduce redundant data from the system and free up the memory. It stores unique copy of data and for more location with same data with the help of pointers can access the data. (Java)

SUBJECTS TAUGHT:
C language, Core Java, Object Oriented Programming (OOT/C++), Database, PPS (Programming and problem solving), AD (Advance Database), IAS (Information Assurance and security), Android

PROGRAMMING SKILL: C, C++, Java, Android.
DATABASE HANDLED:
MS Access, SQL, Oracle

NATIONAL CONFERENCE: 1. paper presented on ""A secure cipher index over encrypted character data in database."" On dated 28-29 April 2011 at Pimpri chinchwad college of engineering, Pune.","""java,jsf,hibernate,spring,c,database,pps,ias,android,oracle,sql""","""java,jsf,hibernate,spring,c,database,pps,ias,android,oracle,sql"""
24,Java Developer,"Education Details 
 BE IT   pjlce
Java Developer 

Java Developer
Skill Details 
c++- Exprience - Less than 1 year months
c- Exprience - Less than 1 year months
JAVA- Exprience - Less than 1 year months
DS- Exprience - Less than 1 year months
Jdbc- Exprience - 24 months
Hibernate- Exprience - Less than 1 year months
Java J2Ee- Exprience - Less than 1 year months
Javascript- Exprience - 6 months
JQuery- Exprience - 6 months
Ajax- Exprience - 6 monthsCompany Details 
company - Almighty tech pvt ltd nagpur
description - 1. As a Java Developer.
 ORGANISATION: Almighty tech pvt ltd Nagpur
 DESIGNATION.: Java Developer.
 DURATION.: From 1st jan 2018
 Notice Period: 15 days
JOB RESPONSIBILITIES
 Resolve Bugs
 Develop project as per user requirement.

KNOWLEDGE ABOUT:-
 Programming language C, C++, DS, Java(Swing, JDBC, J2EE) java script,jquery,Ajax
 Ms office, Excel.","""java,c++,c,ds,jdbc,hibernate,java j2e,javascript,jquery,ajax,ms office,excel""","""java,c++,c,ds,jdbc,hibernate,java j2e,javascript,jquery,ajax,ms office,excel"""
25,Java Developer,"TECHNICALSKILLS SpringMVC, Hibernate, JDBC, Java, J2EE, AzureWeb SunTechnologies Services, JSP, Struts, Servlet, RestApi. Scripting JavaScript, AJAX, HTML, JSON. OpenSourceTechnologies PHP. Database MsSQL, MySQL, Oracle. WebServers ApacheTomcatServer. Internettechnologiesand OnesignalWebPushNotifications, AzurewebServices, frameworks IONIC, HTML, JSON OperatingSystem WindowsServer2012R2, WinXP/7/8.1/10, Linux, Mac OS Education Details 
August 2013 to July 2016 BE Computer Engineering Nashik, Maharashtra Late G.N. Sapkal COE Nashik
July 2009 to June 2013 Diploma Computer technology Nashik, Maharashtra K K Wagh Polytechnic  Nashik
Java developer 

Java Developer
Skill Details 
AJAX- Exprience - 12 months
DATABASE- Exprience - 24 months
HTML- Exprience - 24 months
J2EE- Exprience - 6 months
JAVA- Exprience - 24 months
Spring MVC- Exprience - 12 months
Ionic 3- Exprience - 6 months
Angular JS- Exprience - 6 months
Spring- Exprience - Less than 1 year months
Java- Exprience - Less than 1 year monthsCompany Details 
company - Replete business solutions pvt ltd
description - Working as Java developer in spring MVC, MySQL, MsSql, Java, J2EE, Ajax, Javascript, ionic 3 framework, angular js etc. Technologies.","""spring,mvc,hibernate,jdbc,java,j2ee,azureweb,jsp,struts,servlet,rest api,javascript,ajax,html,php,mysql,oracle,ionic,html,angular js""","""spring,mvc,hibernate,jdbc,java,j2ee,azureweb,jsp,struts,servlet,rest api,javascript,ajax,html,php,mysql,oracle,ionic,html,angular js"""
26,Java Developer,"Operating Systems Windows XP, 7, 10. Tools/Packages Visual Basic 6.0, UML, Packet Tracer Web technologies Core java, Advance java, JSP, Hibernate, Spring Languages known C, C++ Databases SQL AREAS OF INTEREST  Software Development  Programming Academic Projects Details Diploma: Title: Banking Software Description: We used GSM technology for transaction of message for a security purpose. Environment/OS: Windows XP Technologies used frontend: visual basic 6.0 Backend: oracle 9i BE: Title: Single Sign On Description: We have created ""single sign on"" mechanism for network security. Environment/OS: Windows 7 Technologies Used Frontend: java Backend: Oracle 10g ME: Title: Text Based Graphical Password To Overcome Shoulder Surfing Attacks Description: I have created a most secure password system using Random Printing Algo. Environment/OS: Windows 10 Technologies used: Frontend: Java Backend: MySQL Company: Title: Agriculture Management System Description: Created Web application for Agriculture system and Farming. Environment/OS: Windows 10 Technologies used: Frontend: Hibernate Backend: MySQL Education Details 
June 2015 to February 2018 ME(computers) computer Pune, Maharashtra Savitribai Phule Pune University
June 2007 S.S.C.  Solapur, Maharashtra Maharashtra Secondary Board
Java Developer 

Java Developer
Skill Details 
JAVA- Exprience - 6 months
DATABASES- Exprience - 6 months
Hibernate- Exprience - Less than 1 year months
Jsp- Exprience - Less than 1 year months
Servlet- Exprience - Less than 1 year monthsCompany Details 
company - Maxgen Technologies Pvt.Ltd.
description - 1. Working as a java developer over Hibernate technology. Developing web application using JSP servlet and hibernate.
company - Prakshal IT academy
description - I was working as a trainer. I have taught A+, N+ CCNA(routing and switching).","""java,jsp,hibernate,c,c++,sql,oracle,mysql,servlet""","""java,jsp,hibernate,c,c++,sql,oracle,mysql,servlet"""
27,Java Developer,"Computer Skills: Languages And Script: JSP, Servlet, HTML, CSS, Java Script, Jquery, Ajax, Spring, Hibernate Operating System: Microsoft Windows 2003/XP/Vista/7/8 Databases: My SQL Concepts: OOPS, Core java, Advance java Development Tool: Eclipse, Net beans IDE Web Server: Apache Tomcat 7.0Education Details 
January 2007 H.S.C  Amravati, Maharashtra VidyaBharati college
January 2005 S.S.C  Amravati, Maharashtra Holy Cross English School
Java Developer 

Java Developer - Kunal IT Services Pvt Ltd
Skill Details 
ECLIPSE- Exprience - Less than 1 year months
JAVA- Exprience - 14 months
HIBERNATE- Exprience - Less than 1 year months
SPRING- Exprience - Less than 1 year months
jQuery- Exprience - Less than 1 year monthsCompany Details 
company - Kunal IT Services Pvt Ltd
description - Currently Working As Java Developer In Winsol Solution Pvt Ltd From 1 July 2017 To Till Date.

Experience Of  2 Yrs As A Java Developer In Kunal IT Services Pvt Ltd.","""jsp,servlet,html,css,java script,jquery,ajax,spring,hibernate,sql,eclipse,net beans""","""jsp,servlet,html,css,java script,jquery,ajax,spring,hibernate,sql,eclipse,net beans"""
28,Java Developer,"Education Details 
January 2016 B.E Information Technology Pune, Maharashtra Sawitribai Phule Pune University
Java Developer 

Java Developer - Vertical Software
Skill Details 
Company Details 
company - Vertical Software
description - Expertise in design and development of web applications using J2EE, Servlets
JSP, JavaScript, HTML, CSS, JQUERY, AJAX, JSON.

Experienced in developing applications using MVC architecture.

Good understanding of Software Development Life Cycle Phases such as Requirement
gathering, analysis, design, development and unit testing.

Languages & open Source Java, J2EE, Spring, Hibernate
Frame Work

Scripting Languages & Server Java JSP, Servlets, DB Connectivitys
Side Program JDBC, JavaScript, jQuery, Ajax, JSON

Application Server TomCat
Database MongoDB, MySql
IDEs Eclipse

1. Project Title: Expense Ledger
Role: Java Developer
Tools and Technologies: Java, Jsp, Servlet, MySql, JavaScript, Json, Jquery, Ajax.

2. Project Title: Trimurti Developer (Realestate)
Role: Java Developer
Tools and Technologies: Java, Jsp, Servlet, MySql, JavaScript, Json, Jquery, Ajax.

3. Project Title: Vimay Enterprise
Role: Java Developer
Tools and Technologies: Java, Jsp, Spring, Hibernate, Maven, Jquery, Ajax.
company - Higher Secondary School
description - Pune, 58.8%","""j2ee,servlets,jsp,javascript,html,css,jquery,ajax,mvc,hibernate,mysql,mongodb,jquery,maven""","""j2ee,servlets,jsp,javascript,html,css,jquery,ajax,mvc,hibernate,mysql,mongodb,jquery,maven"""
29,Java Developer,"TECHNICAL SKILLS Programming Languages: Java (Servlet, JSP, Spring Boot). Web Technology: HTML5, CSS3, Bootstrap, JavaScript, JQuery, Ajax, AngularJs. Database: MySQL. IDE and Tool: Eclipse, spring tool Suit, Net beans, Sublime Text, Atom. Operating System: Windows XP, 7, 8, 10. ACHIEVEMENT  Java Developer Certificate from Unanth Technical Institute.  Java Certificate from solo Learn.  Command line crash Course certificate from Udemy. JOB DETAILS Education Details 
January 2018 M.C.A  Pune, Maharashtra Pune University
January 2015 B.C.A  Amravati, Maharashtra Amravati University
January 2012 H.S.C  Amravati, Maharashtra Amravati University
January 2010 S.S.C  Amravati, Maharashtra Amravati University
Java developer 

Full Stack Java Developer
Skill Details 
Css- Exprience - Less than 1 year months
Ajax- Exprience - Less than 1 year months
Servlet- Exprience - Less than 1 year months
Html5- Exprience - Less than 1 year months
Spring- Exprience - Less than 1 year months
Java- Exprience - Less than 1 year months
Jquery- Exprience - Less than 1 year months
Jsp- Exprience - Less than 1 year months
Javascript- Exprience - Less than 1 year months
Bootstrap- Exprience - Less than 1 year months
Spring Boot- Exprience - Less than 1 year monthsCompany Details 
company - Salcluster technologies
description - Worked as java developer. Developed 3 projects using java servlet jsp ajax and web technologies.
company - Salcluster Technologies LLP.
description - Technology: Core Java, Servlet and JSP, HTML5, CSS3, Bootstrap, Javascript, Jquery
Ajax and Bootstrap.

PROJECT DETAILS
#1 Title: GST And Sales Billing Softwares
 Status: Completed
 Duration: 1.5 Months.
 Abstract: This is a Web application made by using Java (Servlet and JSP), JavaScript, Jquery, Ajax, and MySQL on back end. It is a clients website which is used for Billing. It includes GST Billing, Generate and print invoice. It has five master pages and four common pages. Masters include customer master, item master, uom master, setup master, reason master and common pages like sales order, payments, sales return and invoice.

#2 Title: Dinman News website
 Status: Completed
 Duration: 1 Months.
 Abstract: This is a Website project by using Java (Servlet and JSP), JavaScript, Jquery, Ajax, and MySQL on back end. It is a clients website. It is used for displaying online video and text news.

#2 Title: Agri Management Website
 Status: Completed
 Duration: 1.5 Months.
 Abstract: This is a Website project by using Java (Servlet and JSP), JavaScript, Jquery, Ajax, and MySQL on back end. It is used for purchasing and selling vegetables all over india.
company - OmegaSoft Technologies pvt.ltd
description - Company Name: OmegaSoft Technologies pvt.ltd. An  ISO certified Company.
Duration: 5 months.
Technology: Java Spring Hibernate, AngularJs, Ajax, KendoUI and BootStrap.
Architecture: MVC Architecture and Service based Programming.
Project Module: Login Registration and Role Assignment, Payments.

INTERNSHIP PROJECT DETAILS
#1 Title: Employment Times
 Status: Completed
 Duration: 4 Months.
 Abstract: This is a Website project using Java, Spring, Hibernate. Angular Js, Ajax and MySQL on back end. It is a clients website which is used for posting of newspapers all over India. It has 12 Modules. In which it has Admin Panel, E-paper Posting, Subscriptions, and many more. It is a very light weight website built by using MVC Architecture and Service based Architecture. We can also post advertisements on website and share the news on Facebook or any other social media directly. It has Payment module and users are able to make payments online through debit or credit card or E-Wallet.","""java,servlet,jsp,spring boot,html5,css3,bootstrap,javascript,jquery,ajax,angularjs,mysql,spring tool,net beans,sublime text,atom""","""java,servlet,jsp,spring boot,html5,css3,bootstrap,javascript,jquery,ajax,angularjs,mysql,spring tool,net beans,sublime text,atom"""
30,Java Developer,"SKILLS: - 1) Team leading 2) Self-motivated 3) Hard working  Strengths: Ready to learn new Programming Languages, Punctual, Discipline, Respectfulness. DECLARATION:- I hereby inform you that all the statement made above are true with the best of my knowledge and belief. Education Details 
August 2014 to July 2017 MCA Computer Sciene Amravati, Maharashtra SGBAU, Amaravti
Java Web Developer 


Skill Details 
Core Java,JSP,Servlet,Spring,Hibernate,Struts,Javascript- Exprience - 6 monthsCompany Details 
company - Salcluster Technologies
description - 1.  I am Java web developer
2. Jsp , servlet, Sprinng MVC Technologies","""java,jsp,servlet,spring,hibernate,struts,javascript,mvc""","""java,jsp,servlet,spring,hibernate,struts,javascript,mvc"""
31,Java Developer,"Skills  Language: Java  Operating System: Windows, Linux (CentOS 6.6)  Databases: Oracle, My SQL and Derby (Embedded DB)  IDE: Eclipse (Oxygen)  Tools: SonarQube, Putty. Responsibilitis:  Participated in requirements gathering and design development meetings.  Reviewed code and debugged errors to improve performance.  Coordinated with systems partners to finalize designs and confirm requirements.  Consistently met deadlines and requirements for all production work orders.  Collaborated with other developers to identify and alleviate the number of bugs in the software and provided maintenance and development of bug fixes and patch sets for existing applications. Education Details 
 Bachelor of Engineering  (Computer)   Savitribai Phule Pune University
Java Developer 

Java Developer - Aurus Tech Pvt. Ltd
Skill Details 
JAVA- Exprience - 32 months
LINUX- Exprience - 6 months
Adavance Java- Exprience - Less than 1 year months
Derby- Exprience - Less than 1 year months
Oracle- Exprience - Less than 1 year monthsCompany Details 
company - Aurus Tech Pvt. Ltd
description - Having 2 years of experience in working with a Payment Gateway Solutions provider with Core Java. Hardworking Java Developer enthusiastic about working with multicultural teams.
company - Aurus Tech Pvt Ltd.
description -  Participated in requirements gathering and design development meetings.
 Reviewed code and debugged errors to improve performance.
 Coordinated with systems partners to finalize designs and confirm requirements.
 Consistently met deadlines and requirements for all production work orders.
 Collaborated with other developers to identify and alleviate the number of bugs in the software and provided continued maintenance and development of bug fixes and patch sets for existing applications.","""oracle,my sql,derby,sonarqube,putty,java""","""oracle,my sql,derby,sonarqube,putty,java"""
